{"cameraMode":{"drawMode":0,"name":"Shaded","section":"Shading Mode"},"sceneLighting":true,"audioPlay":false,"sceneViewState":{"showFog":true,"showMaterialUpdate":false,"showSkybox":true,"showFlares":true,"showImageEffects":true,"showParticleSystems":true},"in2DMode":false,"pivot":{"x":-135.75595092773438,"y":10.727970123291016,"z":-13.254899978637696},"rotation":{"x":0.5591073036193848,"y":0.05475741997361183,"z":-0.03706143796443939,"w":0.8272852897644043},"size":15.247052192687989,"orthographic":false}