{"cameraMode":{"drawMode":0,"name":"Shaded","section":"Shading Mode"},"sceneLighting":true,"audioPlay":false,"sceneViewState":{"showFog":true,"showMaterialUpdate":false,"showSkybox":false,"showFlares":true,"showImageEffects":true,"showParticleSystems":true},"in2DMode":false,"pivot":{"x":318.1519470214844,"y":355.7569885253906,"z":-2.3730087280273439},"rotation":{"x":0.4352184534072876,"y":0.5353610515594482,"z":-0.4165371358394623,"w":0.593313992023468},"size":574.3529663085938,"orthographic":false}