{"cameraMode":{"drawMode":0,"name":"Shaded","section":"Shading Mode"},"sceneLighting":true,"audioPlay":false,"sceneViewState":{"showFog":true,"showMaterialUpdate":false,"showSkybox":false,"showFlares":true,"showImageEffects":true,"showParticleSystems":true},"in2DMode":false,"pivot":{"x":-94.72212982177735,"y":-30.5166072845459,"z":19.228952407836915},"rotation":{"x":-0.4121359884738922,"y":-0.257558673620224,"z":0.12321680039167404,"w":-0.8660714626312256},"size":60.18463134765625,"orthographic":false}