{"cameraMode":{"drawMode":0,"name":"Shaded","section":"Shading Mode"},"sceneLighting":true,"audioPlay":false,"sceneViewState":{"showFog":true,"showMaterialUpdate":false,"showSkybox":true,"showFlares":true,"showImageEffects":true,"showParticleSystems":true},"in2DMode":false,"pivot":{"x":-66.78448486328125,"y":59.84440994262695,"z":9.835493087768555},"rotation":{"x":-0.10869079828262329,"y":-0.8610321879386902,"z":0.20372749865055085,"w":-0.4548143744468689},"size":19.533649444580079,"orthographic":false}