{"cameraMode":{"drawMode":0,"name":"Shaded","section":"Shading Mode"},"sceneLighting":false,"audioPlay":false,"sceneViewState":{"showFog":true,"showMaterialUpdate":false,"showSkybox":true,"showFlares":true,"showImageEffects":true,"showParticleSystems":true},"in2DMode":false,"pivot":{"x":29.75518035888672,"y":27.41675567626953,"z":54.86335754394531},"rotation":{"x":0.38266417384147646,"y":-0.45335111021995547,"z":0.22522592544555665,"w":0.7733525633811951},"size":36.554351806640628,"orthographic":false}