{"cameraMode":{"drawMode":0,"name":"Shaded","section":"Shading Mode"},"sceneLighting":false,"audioPlay":false,"sceneViewState":{"showFog":true,"showMaterialUpdate":false,"showSkybox":false,"showFlares":true,"showImageEffects":true,"showParticleSystems":true},"in2DMode":false,"pivot":{"x":-9.170000076293946,"y":5.210000038146973,"z":-15.870000839233399},"rotation":{"x":-0.567345917224884,"y":0.2305317223072052,"z":-0.16836212575435639,"w":-0.7729251384735107},"size":54.0705451965332,"orthographic":false}